Trust,Site,Room
GAT,BCA,Roaming
GAT,BPA,Roaming
GAT,BRA,Roaming
GAT,BRU,Roaming
GAT,CPA,Roaming
GAT,CPC,Roaming
GAT,DGA,Roaming
GAT,DIA,Roaming
GAT,DJA,Roaming
GAT,GPA,Roaming
GAT,GWH,Roaming
GAT,HLA,Roaming
GAT,IGA,Roaming
GAT,KPA,Roaming
GAT,KSA,Roaming
GAT,MAM,Roaming
GAT,MHA,Roaming
GAT,MPA,Roaming
GAT,NAC,Roaming
GAT,NGA,Roaming
GAT,NHA,Roaming
GAT,NTA,Roaming
GAT,POA,Roaming
GAT,QPA,Roaming
GAT,RPA,Roaming
GAT,SAS,Roaming
GAT,SEA,Roaming
GAT,SFI,Roaming
GAT,SFJ,Roaming
GAT,SIA,Roaming
GAT,SJA,Roaming
GAT,SKA,Roaming
GAT,SPA,Roaming
GAT,STA,Roaming
GAT,WAC,Roaming
GAT,WAW,Roaming
GAT,WFA,Roaming
GAT,WPA,Roaming
GAT,BCA,Year2
GAT,BRA,Corridor-laptoptrolley1
GAT,BRU,ITD
GAT,CPA,B07-IT
GAT,DGA,Birch
GAT,HLA,RainbowRoomIPadTrolley
GAT,KSA,IV1
GAT,MAM,CorridorLaptoptrolley1
GAT,NAC,Library
GAT,NGA,sixthformlaptoptrolley
GAT,QPA,C91laptoptrolley
GAT,SAS,Cupboard-IPADS
GAT,SKA,B5
GAT,STA,A76
GAT,WAC,C1
GAT,WFA,IT1
GAT,BCA,Year3
GAT,BRA,Corridor-laptoptrolley2
GAT,BRU,PCC
GAT,CPA,B07-trolley
GAT,DGA,LarchClass-trolley
GAT,HLA,RainbowRoomLaptopTrolley
GAT,KSA,IV2
GAT,MAM,CorridorIPADtrolley
GAT,NAC,B102
GAT,NGA,R7
GAT,QPA,C93laptoptrolley
GAT,SAS,Staffroom-LaptopTrolley1
GAT,SKA,B6
GAT,STA,Library-A39
GAT,WAC,C33
GAT,WFA,IT2
GAT,BCA,Year4
GAT,BRA,Mainbuilding-IPADtrolley
GAT,BRU,Room-05
GAT,CPA,B09-IT
GAT,DGA,Willow-Trolley
GAT,HLA,ResourceCupboardYear1-IPads
GAT,KSA,IV3
GAT,NAC,B103
GAT,NGA,A45laptoptrolley
GAT,QPA,C80laptoptrolley
GAT,SAS,Staffroom-LaptopTrolley2
GAT,SKA,B7
GAT,STA,B04
GAT,WAC,C28
GAT,WFA,IT3
GAT,BCA,Year5
GAT,BRU,Room-03
GAT,CPA,B13-IT
GAT,DGA,Elm
GAT,KSA,IV4
GAT,NAC,B117
GAT,NGA,A47laptoptrolley
GAT,QPA,EarlyReadingHublaptopTrolley
GAT,SKA,B9
GAT,STA,B35
GAT,WAC,Yellowtrolley
GAT,WFA,B10
GAT,BCA,Year6
GAT,BRU,U2-Trolley
GAT,CPA,B13-trolley
GAT,DGA,Almond
GAT,KSA,IV5
GAT,NAC,B157
GAT,NGA,A49
GAT,SKA,B10
GAT,STA,B40
GAT,WAC,BlueTrolley
GAT,WFA,B11
GAT,BCA,Office
GAT,BRU,Room-01
GAT,CPA,B16-ART
GAT,DGA,Maple
GAT,KSA,T1
GAT,NAC,B161
GAT,NGA,A54laptoptrolley
GAT,SKA,B39
GAT,STA,B25
GAT,WAC,E15
GAT,WFA,D4
GAT,BRU,DT1
GAT,CPA,B64-music
GAT,KSA,T2
GAT,NAC,A179
GAT,NGA,A57
GAT,SKA,B40
GAT,STA,B51
GAT,WFA,PA1
GAT,BRU,CPA2
GAT,CPA,A76-SEN
GAT,KSA,ME1
GAT,NAC,A180
GAT,NGA,B17laptoptrolley
GAT,SKA,B54
GAT,STA,B52
GAT,WFA,PA2
GAT,BRU,MR2
GAT,CPA,A85-STAFF
GAT,KSA,MU2
GAT,NAC,A167
GAT,NGA,B13
GAT,SKA,A62
GAT,STA,B64
GAT,WFA,IT4
GAT,BRU,Art4
GAT,CPA,A86-SUPPORT
GAT,KSA,MU3
GAT,NAC,A176
GAT,NGA,B5laptoptrolley
GAT,SKA,Art
GAT,STA,B65
GAT,WFA,IT5
GAT,BRU,Lab13
GAT,CPA,A80-TROLLEY
GAT,KSA,Science
GAT,NAC,NAS-B12
GAT,NGA,B3laptoptrolley
GAT,SKA,DT
GAT,STA,B66
GAT,BRU,MR4
GAT,CPA,A61-SITEOFFICE
GAT,KSA,Art
GAT,NAC,NAS-BE4
GAT,NGA,C6laptoptrolley
GAT,SKA,Music
GAT,STA,C35
GAT,BRU,6thForm
GAT,CPA,A47-LIBRARY
GAT,KSA,LS2
GAT,NAC,NAS-BE5
GAT,NGA,C15laptoptrolley
GAT,STA,PE2
GAT,BRU,G9
GAT,CPA,A46-SLT
GAT,KSA,LS3
GAT,NAC,TrolleyA152
GAT,NGA,C16laptopstrolley
GAT,STA,SEN-C36
GAT,BRU,Room-04
GAT,CPA,A-68MUSIC
GAT,KSA,LS4
GAT,NGA,C17
GAT,STA,ILA-A69
GAT,BRU,Room-06
GAT,CPA,B-17-SEN
GAT,NGA,Musicroomlaptoptrolley
GAT,STA,English-A10
GAT,BRU,Room-11
GAT,CPA,B-10OFFICE
BDAT,ASJ,Roaming
BDAT,BAI,Roaming
BDAT,BBEC,Roaming
BDAT,BFA,Roaming
BDAT,BGGS,Roaming
BDAT,BVG,Roaming
BDAT,CCA,Roaming
BDAT,CSJ,Roaming
BDAT,CUL,Roaming
BDAT,EMP,Roaming
BDAT,HQ,Roaming
BDAT,IMM,Roaming
BDAT,LRPS,Roaming
BDAT,OXE,Roaming
BDAT,SHP,Roaming
BDAT,STJ,Roaming
BDAT,STO,Roaming
BDAT,STP,Roaming
BDAT,WES,Roaming
BDAT,WOO,Roaming
BDAT,WYC,Roaming
BDAT,BAI,ITSuite
BDAT,BBEC,G009
BDAT,BFA,C0.2
BDAT,BGGS,F10
BDAT,BVG,A1
BDAT,CCA,KeyStage2iPAdtrolley
BDAT,CSJ,Hive
BDAT,EMP,RepoRoom
BDAT,IMM,4i2
BDAT,LRPS,ChromebookTrolley1Library
BDAT,OXE,MainHall
BDAT,WES,ITSuite
BDAT,WOO,ITRoom
BDAT,WYC,ITSuite
BDAT,BBEC,G010
BDAT,BFA,C0.3
BDAT,BGGS,F11
BDAT,BVG,A3
BDAT,IMM,4i3
BDAT,LRPS,ChromebookTrolley2Library
BDAT,WES,KS1
BDAT,BBEC,G015
BDAT,BFA,C1StaffWorkRoom
BDAT,BGGS,GF-TR-GroundFloortrolley/Trolley1
BDAT,BVG,A5
BDAT,IMM,4i6
BDAT,LRPS,TripiPhones
BDAT,WES,KS2
BDAT,BBEC,G016
BDAT,BFA,C1.1
BDAT,BGGS,FF-TR-FirstFloorTrolley/Trolley2
BDAT,BVG,A6
BDAT,IMM,4i5
BDAT,LRPS,AdminiPad
BDAT,BBEC,G101
BDAT,BFA,C1.2
BDAT,BGGS,SENDLockers
BDAT,BVG,A7
BDAT,IMM,libary
BDAT,LRPS,EvaciPad
BDAT,BBEC,G106
BDAT,BFA,C1.3
BDAT,BGGS,Library-Student
BDAT,BVG,A8
BDAT,IMM,3i7
BDAT,LRPS,Library-Staff
BDAT,BBEC,G209
BDAT,BFA,D1.1-LRC
BDAT,BGGS,Isolation
BDAT,BVG,ScienceQuad
BDAT,IMM,3i2
BDAT,BBEC,R105
BDAT,BFA,D1.2-iMacs
BDAT,BGGS,ART
BDAT,BVG,DG3
BDAT,IMM,3d1
BDAT,BBEC,R106
BDAT,BFA,D1.4-SEN
BDAT,BGGS,Music/DramaLaptopLocker
BDAT,BVG,DG4
BDAT,IMM,Sixthform
BDAT,BBEC,R107
BDAT,BFA,D2.3
BDAT,BGGS,EVACiPads
BDAT,BVG,DG5
BDAT,IMM,2A-05TTROLLEY
BDAT,BBEC,R108
BDAT,BFA,D2.4
BDAT,BGGS,PastoraliPads
BDAT,BVG,DF1
BDAT,IMM,1BLaptopTrolley
BDAT,BBEC,R109
BDAT,BFA,GroundFloorTrolley-D0.1
BDAT,BGGS,AdminiPad
BDAT,BVG,DF2
BDAT,IMM,3BLaptopTrolley
BDAT,BFA,FirstFloorTrolley-C1StaffWorkRoom
BDAT,BGGS,PastoraliPhones
BDAT,BVG,DF5
BDAT,IMM,2C-03LaptopTrolley
BDAT,BFA,SecondFloorTrolley-D2SciencePrepRoom
BDAT,BGGS,Library-Staff
BDAT,BVG,DF6
BDAT,IMM,H-Block2NDFLOOR
BDAT,BFA,MathsSurfaceTrolley-A0.5
BDAT,BVG,DF4
BDAT,IMM,H-Block3RDFLOOR
BDAT,BFA,MathsTabletTrolley-A0.5
BDAT,BVG,DF10
BDAT,IMM,SixthFromTrolley
BDAT,BFA,MFLSurfaceTrolley-B0.2
BDAT,BVG,B1
BDAT,BFA,TheBridgeLaptopTrolley-B0Corridor
BDAT,BVG,B2
BDAT,BFA,SeclusionLaptopTrolley-B1.5
BDAT,BVG,B4
BDAT,BFA,PhotographyLaptopTrolley-C1.4
BDAT,BVG,Hub
BDAT,BFA,ArtTabletTrolley-C1.5
BDAT,BVG,C2
BDAT,BFA,SENLaptopTrolley-D1.7
BDAT,BVG,C13
BDAT,BFA,SENiPadTrolley-D1.4
BDAT,BVG,C1
MER,LAN,Roaming
MER,GBR,Roaming
MER,TPT,Roaming
MER,ALD,Roaming
MER,QMGS,Roaming
MER,QMHS,Roaming
MER,SOA,Roaming
MER,TLS,Roaming
MER,WSS,Roaming
MER,LAN,26
MER,GBR,136
MER,TPT,209
MER,ALD,6
MER,QMGS,IT1
MER,QMHS,M01
MER,SOA,KJExamdept
MER,WSS,103
MER,LAN,120
MER,GBR,319
MER,TPT,208
MER,ALD,10
MER,QMGS,IT2
MER,QMHS,W12
MER,SOA,KJ6thformTrolley-01
MER,WSS,Trolley-01
MER,LAN,121
MER,GBR,107
MER,TPT,204
MER,ALD,23
MER,QMGS,IT3-M7
MER,QMHS,Trolley-Library
MER,SOA,KJ6thformTrolley-02
MER,WSS,Trolley-02
MER,LAN,Library
MER,GBR,106
MER,TPT,DELL-DT
MER,ALD,24
MER,QMGS,Trolley-Library
MER,QMHS,Trolley-Art
MER,SOA,Library
MER,WSS,DSH-Trolley
MER,LAN,Trolley01
MER,GBR,216
MER,TPT,DELL-Art
MER,ALD,25
MER,QMGS,Trolley-Annex
MER,QMHS,Trolley-ScienceF01
MER,WSS,DSH-Lab
MER,LAN,Trolley02
MER,GBR,304
MER,TPT,DELL-Math
MER,ALD,29
MER,QMGS,Trolley-M8
MER,QMHS,Trolley-HumanitiesOffice
MER,WSS,DSH-Commune
MER,LAN,Trolley03
MER,GBR,329
MER,TPT,DELL-Library
MER,ALD,30
MER,QMGS,DT
MER,QMHS,Trolley-HumanitiesH02
MER,LAN,Trolley04
MER,GBR,332
MER,TPT,DELL-VOC
MER,ALD,31
MER,QMGS,Art
MER,QMHS,Music-MU3+MU4
MER,LAN,Trolley05
MER,GBR,SixthForm
MER,TPT,DELL-Food
MER,ALD,35
MER,QMGS,Admin
MER,QMHS,Library
MER,LAN,Trolley06
MER,GBR,TheZone
MER,TPT,DELL-Humanties
MER,ALD,34
MER,QMGS,SLT
MER,LAN,Trolley07
MER,GBR,Trolley-Maths
MER,TPT,DELL-Science
MER,ALD,36
MER,QMGS,Maths-Staff
MER,LAN,Trolley08
MER,GBR,Trolley-Science
MER,TPT,CB-Refresh
MER,ALD,37
MER,QMGS,WelfareHub
MER,LAN,Trolley09
MER,GBR,Trolley-DT
MER,TPT,CB-PA
MER,ALD,45
MER,LAN,Trolley10
MER,TPT,CB-SEND
MER,ALD,48
MER,LAN,Trolley11
MER,TPT,CB-Voc
MER,ALD,52
MER,LAN,Y7Pastoral
MER,TPT,CB-Voc
MER,ALD,57
MER,LAN,Y8Pastoral
MER,TPT,CB-Voc
MER,ALD,79
MER,LAN,Y9Pastoral
MER,TPT,CB-English
MER,ALD,80
MER,LAN,Y10Pastoral
MER,TPT,CB-PE
MER,ALD,87
MER,LAN,Y11Pastoral
MER,TPT,CB-6thForm
MER,ALD,88
MER,LAN,I.TLoans
MER,TPT,CB-MFL
MER,ALD,89
MER,LAN,SENTrolley
MER,ALD,library
MER,LAN,MacTrolley
MER,ALD,5c
MER,ALD,trolley-6thform-1
MER,ALD,trolley-6thform-2
MER,ALD,trolley-rm85
MER,ALD,trolley-MathsOffice
MER,ALD,trolley-OldScienceOffice
MER,ALD,trolley-Rm37
